{
	"air" : {
    "blockshape": "invisible"
	},
	"stone" : { 
		"textures" : "stone", 
		"sound": "stone"
	},
	"grass" : {
		"isotropic" : {"up" : true, "down" : true},
		"textures" : { "up" : "grass_top", "down" : "grass_bottom", "side" : "grass_side"},
		"carried_textures" : { "up" : "grass_carried_top", "down" : "grass_carried_bottom", "side" : "grass_carried"},
		"sound": "grass"
	},
	"dirt" : { 
		"isotropic" : true,
		"textures" : "dirt", 
		"sound": "gravel"
	},
	"cobblestone" : { 
		"textures" : "cobblestone", 
	        "sound": "stone"
	},
	"planks" : { 
		"textures" : "planks", 
		"sound": "wood"
	},
	"sapling" : { 
		"blockshape" : "cross_texture",
		"textures" : "sapling", 
		"sound": "grass"
	},
	"bedrock" : { 
		"textures" : "bedrock",
		"sound": "stone"
	},
	"flowing_water" : { 
		"blockshape" : "water",
		"textures" : { "up" : "still_water", "down" : "still_water", "side" : "flowing_water"}
	},
	"water" : { 
		"blockshape" : "water",
		"textures" : { "up" : "still_water", "down" : "still_water", "side" : "flowing_water"}
	},
	"flowing_lava" : { 
		"blockshape" : "water",
		"textures" : { "up" : "still_lava", "down" : "still_lava", "side" : "flowing_lava"}
	},
	"lava" : { 
		"isotropic" : true,
		"blockshape" : "water",
		"textures" : { "up" : "still_lava", "down" : "still_lava", "side" : "flowing_lava"}
	},
	"sand" : { 
		"isotropic" : true,
		"textures" : "sand",
		"brightness_gamma" : 0.55,
		"sound": "sand"
	},
	"gravel" : { 
		"textures" : "gravel", 
		"sound": "gravel"
	},
	"gold_ore" : { 
		"textures" : "gold_ore",
		"sound": "stone"
	},
	"iron_ore" : { 
		"textures" : "iron_ore",
		"sound": "stone"
	},
	"coal_ore" : { 
		"textures" : "coal_ore", 
		"sound": "stone"
	},
	"log" : { 
		"blockshape" : "tree",
		"textures" : { "up" : "log_top", "down" : "log_top", "side" : "log_side"}, 
		"sound": "wood"
	},
	"leaves" : { 
		"isotropic" : {"up" : true, "down" : true},
		"textures" : "leaves",
		"carried_textures" : "leaves_carried", 
		"brightness_gamma" : 0.80,
    "sound": "grass"
	},
	"sponge" : { 
		"isotropic" : true,
		"textures" : "sponge", 
		"sound": "grass"
	},
	"glass" : { 
		"textures" : "glass", 
		"sound": "glass"
	},
	"lapis_ore" : { 
		"textures" : "lapis_ore", 
		"sound": "stone"
	},
	"lapis_block" : { 
		"textures" : "lapis_block", 
		"sound": "stone"
	},
	"dispenser" : { 
		"textures" : { "up" : "dispenser_top", "down" : "dispenser_top", "north" : "dispenser_side",  "south" : "dispenser_front_horizontal", "west" : "dispenser_side",  "east" : "dispenser_front_vertical"}, 
		"carried_textures":  {"up" : "dispenser_top", "down" : "dispenser_top", "north" : "dispenser_side",  "south" : "dispenser_front_horizontal", "west" : "dispenser_side",  "east" : "dispenser_side"},
		"sound": "stone"
	},
	"sandstone" : { 
		"isotropic" : {"up" : true, "down" : true},
		"textures" : { "up" : "sandstone_top", "down" : "sandstone_bottom", "side" : "sandstone_side"}, 
		"brightness_gamma" : 0.70,
		"sound": "stone"
	},
	"noteblock" : { 
		"textures" : "noteblock"
	},
	"bed": {
		"blockshape": "bed",
		"textures": "bed_bottom",
		"sound": "wood"
	}, 
	"golden_rail" : { 
		"blockshape" : "rail", 
		"textures" : { "up" : "rail_golden_powered", "down" : "rail_golden", "side" : "rail_golden"}, 
		"sound": "metal"
	},
	"detector_rail" : { 
		"blockshape" : "rail",
		"textures" : { "up" : "rail_detector_powered", "down" : "rail_detector", "side" : "rail_detector"},
		"sound": "metal"
	},
	"sticky_piston" : { 
		"blockshape" : "piston", 
		"textures" : { "up" : "piston_top", "down" : "piston_bottom", "side" : "piston_side"},
  	  	"carried_textures" : { "up" : "piston_top_sticky", "down" : "piston_bottom", "side" : "piston_side"},
		"sound": "stone"
  },
	"web" : { 
		"blockshape" : "cross_texture",
		"textures" : "web"
	},
	"tallgrass" : { 
		"blockshape" : "cross_texture", 
		"textures" : "tallgrass", 
		"carried_textures" : "tallgrass_carried",
   		"sound": "grass"
	},
	"deadbush" : { 
		"blockshape" : "cross_texture", 
		"textures" : "deadbush", 
		 "sound": "grass"
	},
	"piston" : { 
		"blockshape" : "piston",
		"textures" : { "up" : "piston_top", "down" : "piston_bottom", "side" : "piston_side"},
	  "carried_textures" :  { "up" : "piston_top_normal", "down" : "piston_bottom", "side" : "piston_side"}, 
	   "sound": "stone"
  },
	"pistonArmCollision" : { 
		"blockshape" : "invisible",
		"textures" : "piston_top"
	},
	"wool" : { 
		"textures" : "wool", 
		"sound": "cloth"
	},
	"yellow_flower" : { 
		"blockshape" : "cross_texture",
		"textures" : "yellow_flower", 
		"sound": "grass"
	},
	"red_flower" : { 
		"blockshape" : "cross_texture",
		"textures" : "red_flower", 
		"sound": "grass"
	},
	"brown_mushroom" : { 
		"blockshape" : "cross_texture",
		"textures" : "mushroom_brown", 
		"sound": "grass"
	},
	"red_mushroom" : { 
		"blockshape" : "cross_texture",
		"textures" : "mushroom_red", 
		"sound": "grass"
	},
	"gold_block" : { 
		"textures" : { "up" : "command_block_front", "down" : "command_block_back", "side" : "gold_block"}, 
		"sound": "metal"
	},
	"iron_block" : { 
		"textures" : "iron_block", 
		"sound": "metal"
	},
	"double_stone_slab" : { 
		"textures" : { "up" : "stone_slab_top", "down" : "stone_slab_bottom", "side" : "stone_slab_side"}, 
		"sound": "stone"
	},
	"stone_slab" : { 
		"blockshape" : "block_half",
		"textures" : { "up" : "stone_slab_top", "down" : "stone_slab_bottom", "side" : "stone_slab_side"},
		"sound": "stone"
	},
	"brick_block" : { 
		"textures" : "brick"
	},
	"tnt" : { 
		"isotropic" : {"up" : true, "down" : true},
		"textures" : { "up" : "tnt_top", "down" : "tnt_bottom", "side" : "tnt_side"},
		"sound": "grass"
	},
	"bookshelf" : { 
		"textures" : { "up" : "bookshelf_top", "down" : "bookshelf_top", "side" : "bookshelf"}, 
		"sound": "wood"
	},
	"mossy_cobblestone" : { 
		"textures" : "cobblestone_mossy",
		"sound": "stone"
	},
	"obsidian" : { 
		"isotropic" : true,
		"textures" : "obsidian",
		"brightness_gamma" : 2.00,
	  "sound": "stone"
	},
	"torch" : { 
		"blockshape" : "torch",
		"textures" : "torch_on", 
		"sound": "wood"
	},
	"mob_spawner" : { 
		"textures" :  { "up" : "command_block_side", "down" : "command_block_side", "side" : "mob_spawner"}, 
		"sound": "metal"
	},
	"oak_stairs" : { 
		"blockshape" : "stairs",
		"textures" : "wood_oak",
		"sound": "wood"
	},
	"chest" : { 
		"blockshape" : "chest", 
    		"textures" : { "up" : "chest_inventory_top", "down" : "chest_inventory_top", "north" : "chest_inventory_side",  "south" : "chest_inventory_front", "west" : "chest_inventory_side",  "east" : "chest_inventory_side"},
		"sound": "wood"
	},
	"redstone_wire" : { 
		"blockshape" : "red_dust",
		"textures" : { "up" : "redstone_dust_cross", "down" : "redstone_dust_line", "side" : "redstone_dust_line"}
	},
	"diamond_ore" : { 
		"textures" : "diamond_ore",
		"sound": "stone"
	},
	"diamond_block" : { 
		"textures" : { "up" : "diamond_block", "down" : "command_block", "side" : "diamond_block"},
		"sound": "metal"
	},
	"crafting_table" : { 
		"textures" : { "up" : "crafting_table_top", "down" : "crafting_table_bottom", "north" : "crafting_table_front",  "south" : "crafting_table_front", "west" : "crafting_table_side",  "east" : "crafting_table_side"},
		"sound": "wood"
	},
	"wheat" : { 
		"blockshape" : "rows",
		"textures" : "wheat",
		"sound": "grass"
	},
	"farmland" : { 
		"textures" : { "up" : "farmland", "down" : "dirt", "side" : "dirt"},
		"sound": "gravel"
	},
	"furnace" : { 
		"textures" : { "up" : "furnace_top", "down" : "furnace_top", "north" : "furnace_side",  "south" : "furnace_front_off", "west" : "furnace_side",  "east" : "furnace_side"},
		"sound": "stone"
	},
	"lit_furnace" : { 
		"textures" : { "up" : "furnace_top", "down" : "furnace_top", "north" : "furnace_side",  "south" : "furnace_side", "west" : "furnace_side",  "east" : "furnace_front_on"},
		"sound": "stone"
	},
	"standing_sign" : { 
		"blockshape" : "invisible",
		"textures" : "sign",
		"sound": "wood"
	},
	"wooden_door" : { 
		"blockshape" : "door",
		"textures" : { "up" : "door_lower", "down" : "door_lower", "side" : "door_upper"},
		"sound": "wood"
	},
	"ladder" : { 
		"blockshape" : "ladder",
		"textures" : "ladder",
		"sound": "ladder"
	},
	"rail" : { 
		"blockshape" : "rail",
		"textures" : { "up" : "rail_normal_turned", "down" : "rail_normal", "side" : "rail_normal"}, 
		"sound": "metal"
	},
	"stone_stairs" : { 
		"blockshape" : "stairs",
		"textures" : "cobblestone"
	},
	"wall_sign" : { 
		"blockshape" : "invisible",
		"textures" : "planks", 
		"sound": "wood"
	},
	"lever" : { 
		"blockshape" : "lever", 
		"textures" : { "up" : "lever", "down" : "lever", "north" : "lever",  "south" : "lever", "west" : "lever",  "east" : "lever_particle"},
		"sound": "wood"
	},
	"stone_pressure_plate" : { 
		"textures" : "stone",
		"sound": "stone"
	},
	"iron_door" : { 
		"blockshape" : "door",
		"textures" : { "up" : "door_lower", "down" : "door_lower", "side" : "door_upper"},
		"sound": "metal"
	},
	"wooden_pressure_plate" : { 
		"textures" : "planks",
		"sound": "wood"
	},
	"redstone_ore" : { 
		"textures" : "redstone_ore",
		"sound": "stone"
	},
	"lit_redstone_ore" : { 
		"textures" : "redstone_ore",
		"sound": "stone"
	},
	"unlit_redstone_torch" : { 
		"blockshape" : "torch",
		"textures" : "redstone_torch_off",
		"sound": "wood"
	},
	"redstone_torch" : { 
		"blockshape" : "torch",
		"textures" : "redstone_torch_on",
		"sound": "wood"
	},
	"stone_button" : { 
		"textures" : "stone",
    "sound": "stone"
	},
	"snow_layer": {
		"blockshape": "top_snow",
		"isotropic": true,
		"textures": "snow",
		"brightness_gamma" : 0.45,
		"sound": "snow"  
	},
	"ice" : { 
		"textures" : "ice",
		"sound": "glass"
	},
	"snow" : { 
		"isotropic" : true,
		"textures" : "snow",
		"brightness_gamma" : 0.45,
	  "sound": "snow"
	},
	"cactus" : { 
		"blockshape" : "cactus",
		"textures" : { "up" : "cactus_top", "down" : "cactus_bottom", "side" : "cactus_side"},
		"sound": "cloth"
	},
	"clay" : { 
		"isotropic" : true,
		"textures" : "clay",
		"sound": "gravel"
	},
	"reeds" : { 
		"blockshape" : "cross_texture",
		"textures" : "reeds",
		"sound": "grass"
	},
	"fence" : { 
		"blockshape" : "fence",
		"textures" : "planks",
		"sound": "wood"
	},
	"nether_brick_fence" : { 
		"blockshape" : "fence",
		"textures" : "nether_brick",
		"sound": "stone"
	},
	"pumpkin" : { 
		"textures" : { "up" : "pumpkin_top", "down" : "pumpkin_top", "north" : "pumpkin_side",  "south" : "pumpkin_face", "west" : "pumpkin_side",  "east" : "pumpkin_side"},
		"sound": "wood"
	},
	"netherrack" : { 
		"isotropic" : true,
		"textures" : "netherrack",
		"sound": "stone"
	},
	"magma": {
		"isotropic": true,
		"textures": "magma",
		"sound": "stone"
	},
	"soul_sand" : { 
		"textures" : "soul_sand",
		"sound": "sand"
	},
	"glowstone" : { 
		"isotropic" : true,
		"textures" : "glowstone",
		"sound": "glass"
	},
	"portal" : { 
		"textures" : "portal",
		"sound": "glass"
	},
	"lit_pumpkin" : { 
		"textures" : { "up" : "pumpkin_top", "down" : "pumpkin_top", "north" : "pumpkin_side",  "south" : "pumpkin_face", "west" : "pumpkin_side",  "east" : "pumpkin_side"},
		"sound": "wood"
	},
	"cake" : { 
		"textures" : { "up" : "cake_top", "down" : "cake_bottom", "north" : "cake_side",  "south" : "cake_side", "west" : "cake_west",  "east" : "cake_side"},
		"sound": "cloth"
	},
	"unpowered_repeater" : { 
		"blockshape" : "repeater",
		"textures" : { "up" : "repeater_up", "down" : "repeater_torch", "side" : "repeater_floor"},
		"sound": "wood"
	},
	"powered_repeater" : { 
		"blockshape" : "repeater",
		"textures" : { "up" : "repeater_up", "down" : "repeater_torch", "side" : "repeater_floor"},
		"sound": "wood"
	},
	"invisibleBedrock" : { 
		"blockshape" : "invisible",
		"textures" : "stone"
	},
	"trapdoor" : { 
		"blockshape" : "block_half",
		"textures" : "trapdoor",
		"sound": "wood"
	},
	"monster_egg" : { 
		"textures" : "monster_egg"
	},
	"stonebrick" : { 
		"textures" : "stonebrick",
		"sound": "stone"
	},
	"brown_mushroom_block" : { 
		"textures" : { "up" : "mushroom_brown_top", "down" : "mushroom_brown_bottom", "north" : "mushroom_brown_north",  "south" : "mushroom_brown_south", "west" : "mushroom_brown_west",  "east" : "mushroom_brown_east"},
		"sound": "wood"
	},
	"red_mushroom_block" : { 
		"textures" : { "up" : "mushroom_red_top", "down" : "mushroom_red_bottom", "north" : "mushroom_red_north",  "south" : "mushroom_red_south", "west" : "mushroom_red_west",  "east" : "mushroom_red_east"},
		"sound": "wood"
	},
	"iron_bars" : { 
		"blockshape" : "iron_fence",
		"textures" : { "up" : "iron_bars", "down" : "iron_bars", "north" : "iron_bars",  "south" : "iron_bars", "west" : "iron_bars",  "east" : "iron_bars_edge"},
		"sound": "metal"
	},
	"glass_pane" : { 
		"blockshape" : "iron_fence",
		"textures" : { "up" : "glass", "down" : "glass", "north" : "glass",  "south" : "glass", "west" : "glass",  "east" : "glass_pane_top"},
		"sound": "glass"
	},
	"melon_block" : { 
		"textures" : { "up" : "melon_top", "down" : "melon_side", "side" : "melon_side"},
		"sound": "wood"
	},
	"pumpkin_stem" : { 
		"blockshape" : "stem",
		"textures" : "pumpkin_stem",
		"sound": "wood"
	},
	"melon_stem" : { 
		"blockshape" : "stem",
		"textures" : "melon_stem",
		"sound": "wood"
	},
	"vine" : { 
		"blockshape" : "vine",
		"textures" : "vine",
		"carried_textures" : "vine_carried",
		"sound": "grass"
	},
	"fence_gate" : { 
		"blockshape" : "fence_gate",
		"textures" : "wood_oak",
		"sound": "wood"
	},
	"brick_stairs" : { 
		"blockshape" : "stairs",
		"textures" : "brick"
	},
	"mycelium" : { 
		"isotropic" : {"up" : true, "down" : true},
		"textures" : { "up" : "mycelium_top", "down" : "mycelium_bottom", "side" : "mycelium_side"},
		"sound": "grass"
	},
	"waterlily" : { 
		"blockshape" : "lilypad",
		"textures" : "waterlily",
		"carried_textures" : "waterlily_carried",
		"sound": "grass"
	},
	"brewing_stand" : { 
		"blockshape" : "brewing_stand",
		"textures" : { "up" : "brewing_stand", "down" : "brewing_stand_base", "side" : "brewing_stand"},
		"sound": "stone"
	},
	"cauldron" : { 
		"blockshape" : "cauldron", 
		"textures" : { "up" : "cauldron_top", "down" : "cauldron_bottom", "north" : "cauldron_side",  "south" : "cauldron_inner", "west" : "cauldron_water",  "east" : "still_water"}
	},
	"end_portal_frame" : { 
		"blockshape" : "portal_frame",
		"textures" : { "up" : "endframe_top", "down" : "endframe_bottom", "north" : "endframe_side",  "south" : "endframe_side", "west" : "endframe_side",  "east" : "endframe_side"},
	        "carried_textures" :  "endframe_eye",
		"sound": "glass"
  },
	"end_stone" : { 
		"textures" : "end_stone",
		"sound": "stone"
	},
	"end_rod": {
		"blockshape" : "end_rod",
		"textures": "end_rod",
		"sound": "wood"
	},
	"end_bricks" : { 
		"textures" : "end_bricks",
		"sound": "stone"
	},
	"redstone_lamp" : { 
		"textures" : "redstone_lamp_off",
		"sound": "glass"
	},
	"lit_redstone_lamp" : { 
		"textures" : "redstone_lamp_on",
		"sound": "glass"
	},
	"cocoa" : { 
		"blockshape" : "cocoa",
		"textures" : "cocoa",
		"sound": "wood"
	},
	"emerald_ore" : { 
		"textures" : "emerald_ore",
		"sound": "stone"
	},
	"emerald_block" : { 
		"textures" : "emerald_block",
		"sound": "metal"
	},
	"spruce_stairs" : { 
		"blockshape" : "stairs",
		"textures" : "wood_spruce",
		"sound": "wood"
	},
	"birch_stairs" : { 
		"blockshape" : "stairs",
		"textures" : "wood_birch",
		"sound": "wood"
	},
	"jungle_stairs": {
		"blockshape": "stairs",
		"textures": "wood_jungle",
		"sound": "wood"
	},
	"beacon": {
		"blockshape": "beacon",
		"textures": { "up" : "beacon_core", "down" : "beacon_base", "side" : "beacon_shell"},
		"sound": "glass"
  },
	"wooden_button" : { 
		"textures" : "planks",
		"sound": "wood"
	},
	"stone_brick_stairs" : { 
		"blockshape" : "stairs",
		"textures" : "stonebrick"
	},
	"nether_brick" : { 
		"textures" : "nether_brick",
		"brightness_gamma" : 0.80,
		"sound": "stone"
	},
	"nether_brick_stairs" : { 
		"blockshape" : "stairs",
		"textures" : "nether_brick"
	},
	"red_nether_brick": {
		"textures": "red_nether_brick",
		"brightness_gamma": 0.80,
		"sound": "stone"
	},
	"nether_wart" : { 
		"blockshape" : "rows",
		"textures" : "nether_wart"
	},
	"nether_wart_block": {
		"textures": "nether_wart_block",
		"sound": "wood"
	},
	"enchanting_table" : { 
		"blockshape" : "block_half",
		"textures" : { "up" : "enchanting_table_top", "down" : "enchanting_table_bottom", "side" : "enchanting_table_side"}
	},
	"dropper" : { 
		"textures" : { "up" : "dropper_top", "down" : "dropper_top", "north" : "dropper_side",  "south" : "dropper_front_horizontal", "west" : "dropper_side",  "east" : "dropper_front_vertical"},
		"carried_textures" : { "up" : "dropper_top", "down" : "dropper_top", "north" : "dropper_side",  "south" : "dropper_front_horizontal", "west" : "dropper_side",  "east" : "dropper_side"},
		"sound": "stone"
	},
	"activator_rail" : { 
		"blockshape" : "rail", 
		"textures" : { "up" : "rail_activator_powered", "down" : "rail_activator", "side" : "rail_activator"},
		"sound": "metal"
	},
	"sandstone_stairs" : { 
		"isotropic" : {"up" : true, "down" : true},
		"blockshape" : "stairs", 
		"textures" : { "up" : "sandstone_top", "down" : "sandstone_bottom", "side" : "sandstone_side"}
	},
	"tripwire_hook" : { 
		"blockshape" : "tripwire_hook",
		"textures" : { "up" : "trip_wire_source", "down" : "trip_wire_base", "north" : "trip_wire_source", "south" : "trip_wire", "east" : "trip_wire", "west" : "trip_wire" }
	},
	"tripWire" : { 
		"blockshape" : "tripwire", 
		"textures" : "trip_wire"
	},
	"cobblestone_wall" : { 
		"blockshape" : "wall", 
		"textures" : "cobblestone_wall"
	},
	"flower_pot" : { 
		"blockshape" : "flower_pot", 
		"textures" : "flower_pot"
	},
	"carrots" : { 
		"blockshape" : "rows",
		"textures" : "carrots", 
		"sound": "grass"
	},
	"potatoes" : { 
		"blockshape" : "rows", 
		"textures" : "potatoes",
		"sound": "grass"
	},
	"skull" : { 
		"blockshape" : "invisible", 
		"textures" : "skull",
		"sound": "stone"
	},
	"anvil" : { 
		"blockshape" : "anvil", 
		"textures" : { "up" : "anvil_top_damaged_x", "down" : "anvil_base", "side" : "anvil_base"},
		"sound": "anvil"
	},
	"trapped_chest" : { 
		"blockshape" : "chest", 
		"textures" : { "up" : "chest_inventory_top", "down" : "chest_inventory_top", "north" : "chest_inventory_side",  "south" : "trapped_chest_inventory_front", "west" : "chest_inventory_side",  "east" : "chest_inventory_side"},
		"sound": "wood"
	},
	"light_weighted_pressure_plate" : { 
		"textures" : "gold_block",
		"sound": "wood"
	},
	"heavy_weighted_pressure_plate" : { 
		"textures" : "iron_block",
		"sound": "wood"
	},
	"unpowered_comparator" : { 
		"blockshape" : "comparator", 
		"textures" : { "up" : "comparator_up", "down" : "comparator_torch", "side" : "comparator_stone_slab"},
		"sound": "wood"
	},
	"powered_comparator" : { 
		"blockshape" : "comparator", 
		"textures" : { "up" : "comparator_up", "down" : "comparator_torch", "side" : "comparator_stone_slab"},
		"sound": "wood"
	},
	"daylight_detector" : { 
		"textures" : { "up" : "daylight_detector_top", "down" : "daylight_detector_side", "side" : "daylight_detector_side"},
		"sound": "wood"
	},
	"redstone_block" : { 
		"textures" : "redstone_block",
		"sound": "stone"
	},
	"structure_block" : {
		"textures" : "structure_block"
	},
	"structure_void" : {
		"blockshape" : "structure_void",
		"textures" : "structure_void"
	},
	"quartz_ore" : { 
		"textures" : "quartz_ore",
		"sound": "stone"
	},
	"hopper" : { 
		"blockshape" : "hopper", 
		"textures" : { "up" : "hopper_top", "down" : "hopper_inside", "north" : "hopper_outside",  "south" : "hopper_outside", "west" : "hopper_outside",  "east" : "hopper_outside"},
		"sound": "metal"
	},
	"bone_block" : {
		"blockshape" : "tree",
		"textures" : { "up" : "bone_block_top", "down" : "bone_block_top", "side" : "bone_block_side"},
		"sound": "stone"
	},
	"quartz_block" : { 
		"blockshape" : "tree", 
		"textures" : { "up" : "quartz_block_top", "down" : "quartz_block_bottom", "side" : "quartz_block_side"},
		"sound": "stone"
	},
	"quartz_stairs" : { 
		"blockshape" : "stairs",
		"textures" : { "up" : "stair_quartz_block_top", "down" : "stair_quartz_block_bottom", "side" : "stair_quartz_block_side"}
	},
	"purpur_block": {
		"blockshape" : "tree",
		"textures" : { "up" : "purpur_block_top", "down" : "purpur_block_bottom", "side" : "purpur_block_side"},
		"sound": "stone" 
	},
	"purpur_stairs": {
		"blockshape": "stairs",
		"textures": "stair_purpur_block"
	},
	"chorus_plant": {
		"blockshape": "chorus_plant",
		"textures": "chorus_plant",
		"sound":"stone"
	},
	"chorus_flower": {
		"blockshape": "chorus_flower",
		"textures": "chorus_flower",
		"sound": "stone"
	},
	"double_wooden_slab" : { 
		"textures" : "planks",
		"sound": "wood"
	},
	"wooden_slab" : { 
		"blockshape" : "block_half",
		"textures" : "planks",
		"sound": "wood"
	},
	"stained_hardened_clay" : { 
		"isotropic" : true,
		"textures" : "stained_clay",
		"sound": "stone"
	},
	"leaves2" : { 
		"isotropic" : {"up" : true, "down" : true},
		"textures" : "leaves2",
		"carried_textures" : "leaves_carried2",
		"brightness_gamma" : 0.80,
		"sound": "grass"
	},
	"log2" : { 
		"blockshape" : "tree",
		"textures" : { "up" : "log_top2", "down" : "log_top2", "side" : "log_side2"},
		"sound": "wood"
	},
	"acacia_stairs" : { 
		"blockshape" : "stairs",
		"textures" : "wood_acacia",
		"sound": "wood"
	},
	"dark_oak_stairs" : { 
		"blockshape" : "stairs",
		"textures" : "wood_big_oak",
		"sound": "wood"
	},
	"slime" : { 
		"blockshape" : "slime_block",
		"textures" : "slime_block",
		"sound": "slime"
	},
	"iron_trapdoor" : { 
		"blockshape" : "block_half",
		"textures" : "iron_trapdoor",
		"sound": "metal"
	},
	"hay_block" : { 
		"blockshape" : "tree",
		"textures" : { "up" : "hayblock_top", "down" : "hayblock_side", "side" : "hayblock_side"},
		"sound": "grass"
	},
	"carpet": {
		"textures": "wool",
		"sound": "cloth"
	},
	"hardened_clay" : { 
		"isotropic" : true,
		"textures" : "hardened_clay",
		"sound": "stone"
	},
	"coal_block" : { 
		"textures" : "coal_block",
		"sound": "stone"
	},
	"packed_ice" : { 
		"textures" : "ice_packed", 
		"sound": "glass"
	},
	"dragon_egg" : {
		"blockshape" : "dragon_egg",
		"textures" : "dragon_egg",
		"sound": "stone"
	},
	"double_plant" : { 
		"blockshape" : "double_plant_poly",
		"textures" : { "up" : "double_plant_top", "down" : "double_plant_bottom", "side" : "sunflower_additional"},
		"carried_textures" : "double_plant_carried",
		"sound": "grass"
	},
	"daylight_detector_inverted" : { 
		"textures" : { "up" : "daylight_detector_top", "down" : "daylight_detector_side", "side" : "daylight_detector_side"},
		"sound": "wood"
	},
	"red_sandstone" : { 
		"isotropic" : {"up" : true, "down" : true},
		"textures" : { "up" : "redsandstone_top", "down" : "redsandstone_bottom", "side" : "redsandstone_side"},
		"brightness_gamma" : 0.70,
		"sound": "stone"
	},
	"red_sandstone_stairs" : { 
		"isotropic" : {"up" : true, "down" : true},
		"blockshape" : "stairs",
		"textures" : "redsandstone_side"	
	},
	"double_stone_slab2" : { 
		"textures" : { "up" : "stone_slab_top_2", "down" : "stone_slab_bottom_2", "side" : "stone_slab_side_2"},
		"sound": "stone"
	},
	"stone_slab2" : { 
		"blockshape" : "block_half",
		"textures" : { "up" : "stone_slab_top_2", "down" : "stone_slab_bottom_2", "side" : "stone_slab_side_2"},
		"sound": "stone"
	},
	"spruce_fence_gate" : { 
		"blockshape" : "fence_gate", 
		"textures" : "wood_spruce",
		"sound": "wood"
	},
	"birch_fence_gate" : { 
		"blockshape" : "fence_gate",
		"textures" : "wood_birch",
		"sound": "wood"
	},
	"jungle_fence_gate" : { 
		"blockshape" : "fence_gate", 
		"textures" : "wood_jungle", 
		"sound": "wood"
	},
	"dark_oak_fence_gate" : { 
		"blockshape" : "fence_gate",
		"textures" : "wood_big_oak", 
		"sound": "wood"
	},
	"acacia_fence_gate" : { 
		"blockshape" : "fence_gate", 
		"textures" : "wood_acacia", 
		"sound": "wood"
	},
	"spruce_door" : { 
		"blockshape" : "door", 
		"textures" : { "up" : "door_lower", "down" : "door_lower", "side" : "door_upper"}, 
		"sound": "wood"
	},
	"birch_door" : { 
		"blockshape" : "door", 
		"textures" : { "up" : "door_lower", "down" : "door_lower", "side" : "door_upper"}, 
		"sound": "wood"
	},
	"jungle_door" : { 
		"blockshape" : "door",
		"textures" : { "up" : "door_lower", "down" : "door_lower", "side" : "door_upper"},
		"sound": "wood"
	},
	"acacia_door" : { 
		"blockshape" : "door", 
		"textures" : { "up" : "door_lower", "down" : "door_lower", "side" : "door_upper"},
		"sound": "wood"
	},
	"dark_oak_door" : { 
		"blockshape" : "door", 
		"textures" : { "up" : "door_lower", "down" : "door_lower", "side" : "door_upper"},
		"sound": "wood"
	},
	"grass_path" : { 
		"isotropic" : {"up" : true, "down" : true},
		"textures" : { "up" : "grass_path_top", "down" : "dirt", "side" : "grass_path_side"},
		"sound": "grass"
	},
	"frame" : { 
		"blockshape" : "invisible", 
		"textures" : "planks",
		"sound": "itemframe"
	},
	"podzol" : { 
		"isotropic" : {"up" : true, "down" : true},
		"textures" : { "up" : "dirt_podzol_top", "down" : "dirt_podzol_bottom", "side" : "dirt_podzol_side"},
		"sound": "gravel"
	},
	"beetroot" : { 
		"blockshape" : "rows", 
		"textures" : "beetroot",
		"sound": "wood"
	},
	"stonecutter" : { 
		"textures" : { "up" : "stonecutter_top", "down" : "stonecutter_bottom", "north" : "stonecutter_side",  "south" : "stonecutter_side", "west" : "stonecutter_other_side",  "east" : "stonecutter_other_side"},
		"sound": "stone"
	},
	"glowingobsidian" : { 
		"textures" : "glowing_obsidian",
		"brightness_gamma" : 0.80,
		"sound": "stone"
	},
	"netherreactor" : { 
		"textures" : "reactor_core",
		"sound": "metal"
	},
	"info_update" : { 
		"textures" : "missing_tile", 
		"sound": "gravel"
	},
	"info_update2" : { 
		"textures" : "missing_tile", 
		"sound": "gravel"
	},
	"movingBlock": {
		"blockshape": "invisible",
		"textures": "missing_tile"
	},
	"observer": {
		"blockshape" : "facing_block",	
		"textures" : {"up" : "observer_top", "down" : "observer_bottom", "north" : "observer_north", "south" : "observer_south", "west" : "observer_west", "east" : "observer_east"}, 
		"sound": "metal" 
	}, 
	"reserved6" : { 
		"textures" : "missing_tile"
	},
  "fire": {
    "blockshape": "fire",
    "textures": {
      "up": "fire_0",
      "down": "fire_1",
      "side": "fire_0"
    },
    "sound": "wood"
  },
  "prismarine": {
    "textures": "prismarine",
    "sound": "stone"
  },
  "seaLantern": {
     "textures" : "sea_lantern",
    "sound": "glass"
  },
  "ender_chest": {
	  "blockshape" : "chest",
	  "textures" : { "up" : "ender_chest_inventory_top", "down" : "ender_chest_inventory_top", "north" : "ender_chest_inventory_side",  "south" : "ender_chest_inventory_front", "west" : "ender_chest_inventory_side",  "east" : "ender_chest_inventory_side"}
  },
  "stained_glass": {
	  "textures" : "stained_glass",
	  "sound": "glass"
  },
  "stained_glass_pane" : {
	  "blockshape" : "iron_fence",
	  "textures" : { "up" : "stained_glass", "down" : "stained_glass", "north" : "stained_glass",  "south" : "stained_glass", "west" : "stained_glass",  "east" : "stained_glass_pane_top"},
	  "sound": "glass" 
  },
  "shulker_box" : { 
    "blockshape" : "chest",
    "textures" : { "up" : "shulker_box_top", "down" : "shulker_box_top", "north" : "shulker_box_top",  "south" : "shulker_box_top", "west" : "shulker_box_top",  "east" : "shulker_box_top"},
		"sound": "wood"
  },
  "command_block": {
		"blockshape": "command_block",
		"textures": {
			"up": "command_block_conditional_side",
			"down": "command_block_conditional_side",
			"north": "command_block_front",
			"south": "command_block_back",
			"west": "command_block_side",
			"east": "command_block_side"
		},
		"sound": "metal"
	},
	"repeating_command_block": {
		"blockshape": "command_block",
		"textures": {
			"up": "command_block_repeating_conditional_side",
			"down": "command_block_repeating_conditional_side",
			"north": "command_block_repeating_front",
			"south": "command_block_repeating_back",
			"west": "command_block_repeating_side",
			"east": "command_block_repeating_side"
		},
		"sound": "metal"
	},
	"chain_command_block": {
		"blockshape": "command_block",
		"textures": {
			"up": "command_block_chain_conditional_side",
			"down": "command_block_chain_conditional_side",
			"north": "command_block_chain_front",
			"south": "command_block_chain_back",
			"west": "command_block_chain_side",
			"east": "command_block_chain_side"
		},
		"sound": "metal"
	},
  "concrete": {
    "sound": "stone",
    "textures": "concrete"
  },
  "concretePowder": {
    "sound": "sand",
    "textures": "concretePowder"
  },
  "black_glazed_terracotta": {
    "blockshape": "terracotta",
    "sound": "stone",
    "textures": "black_glazed_terracotta"
  },
  "blue_glazed_terracotta": {
    "blockshape": "terracotta",
    "sound": "stone",
    "textures": "blue_glazed_terracotta"
  },
  "brown_glazed_terracotta": {
    "blockshape": "terracotta",
    "sound": "stone",
    "textures": "brown_glazed_terracotta"
  },
  "cyan_glazed_terracotta": {
    "blockshape": "terracotta",
    "sound": "stone",
    "textures": "cyan_glazed_terracotta"
  },
  "gray_glazed_terracotta": {
    "blockshape": "terracotta",
    "sound": "stone",
    "textures": "gray_glazed_terracotta"
  },
  "green_glazed_terracotta": {
    "blockshape": "terracotta",
    "sound": "stone",
    "textures": "green_glazed_terracotta"
  },
  "light_blue_glazed_terracotta": {
    "blockshape": "terracotta",
    "sound": "stone",
    "textures": "light_blue_glazed_terracotta"
  },
  "lime_glazed_terracotta": {
    "blockshape": "terracotta",
    "sound": "stone",
    "textures": "lime_glazed_terracotta"
  },
  "magenta_glazed_terracotta": {
    "blockshape": "terracotta",
    "sound": "stone",
    "textures": "magenta_glazed_terracotta"
  },
  "orange_glazed_terracotta": {
    "blockshape": "terracotta",
    "sound": "stone",
    "textures": "orange_glazed_terracotta"
  },
  "pink_glazed_terracotta": {
    "blockshape": "terracotta",
    "sound": "stone",
    "textures": "pink_glazed_terracotta"
  },
  "purple_glazed_terracotta": {
    "blockshape": "terracotta",
    "sound": "stone",
    "textures": "purple_glazed_terracotta"
  },
  "red_glazed_terracotta": {
    "blockshape": "terracotta",
    "sound": "stone",
    "textures": "red_glazed_terracotta"
  },
  "silver_glazed_terracotta": {
    "blockshape": "terracotta",
    "sound": "stone",
    "textures": "silver_glazed_terracotta"
  },
  "white_glazed_terracotta": {
    "blockshape": "terracotta",
    "sound": "stone",
    "textures": "white_glazed_terracotta"
  },
  "yellow_glazed_terracotta": {
    "blockshape": "terracotta",
    "sound": "stone",
    "textures": "yellow_glazed_terracotta"
  },
  "frosted_ice": {
    "textures": "frosted_ice",
    "sound": "glass"
  }
}
